sha8,band,aenderung,label,decision_alt,decision_neu,top1_alt,top1_neu,top1_korrekt_alt,top1_korrekt_neu,llr_margin_alt,llr_margin_neu,llr_margin_delta,max_z_alt,max_z_neu,max_z_delta,treiber_alt,treiber_z_alt,treiber_neu,treiber_z_neu,top3_neu,label_in_top3_neu,delta_status,delta_kategorie,delta_quelle,delta_fix_commit
03034e84,pass,kandidatenset,LOEFFEL-14,ambiguous,ambiguous,LOEFFEL-11,LOEFFEL-11,nein,nein,0.2195,0.2546,0.0351,1.0629,2.3579,1.295,hist_rim,1.0629,circularity,2.3579,LOEFFEL-11 LOEFFEL-14 LOEFFEL-13,ja,akzeptiert,c,2026-07-22-floors.json,19dca37c
039dec5e,pass,identisch,GABEL-2,accept,accept,GABEL-2,GABEL-2,ja,ja,4.3303,4.3303,0.0,1.2891,1.2891,0.0,solidity,1.2891,solidity,1.2891,GABEL-2 GABEL-1 MESSER-10,ja,-,,,
0adcdc0b,pass,identisch,LOEFFEL-2,ambiguous,ambiguous,LOEFFEL-2,LOEFFEL-2,ja,ja,0.6742,0.6742,0.0,1.7959,1.7959,0.0,delta_e_rim,1.7959,delta_e_rim,1.7959,LOEFFEL-2 LOEFFEL-5 LOEFFEL-6,ja,-,,,
0b695ec4,pass,kandidatenset,LOEFFEL-4,accept,accept,LOEFFEL-4,LOEFFEL-4,ja,ja,,5.0767,,2.0027,1.9331,-0.0696,hu_log,2.0027,hu_log,1.9331,LOEFFEL-4 LOEFFEL-5,ja,akzeptiert,c,2026-07-22-floors.json,19dca37c
0cb8f3c1,pass,score,LOEFFEL-15,accept,accept,LOEFFEL-15,LOEFFEL-15,ja,ja,2.3474,2.6163,0.2689,1.377,1.316,-0.061,diameter_mm,1.377,diameter_mm,1.316,LOEFFEL-15 LOEFFEL-9,ja,akzeptiert,c,2026-07-22-floors.json,19dca37c
0d539289,pass,kandidatenset,LOEFFEL-3,ambiguous,ambiguous,LOEFFEL-3,LOEFFEL-3,ja,ja,0.1748,1.4446,1.2698,0.8,0.798,-0.002,diameter_mm,0.8,hist_rim,0.798,LOEFFEL-3 LOEFFEL-1 LOEFFEL-6,ja,akzeptiert,c,2026-07-22-floors.json,19dca37c
10560c2f,pass,identisch,MESSER-7,ambiguous,ambiguous,MESSER-7,MESSER-7,ja,ja,0.1239,0.1239,0.0,1.7756,1.7756,0.0,hist_center,1.7756,hist_center,1.7756,MESSER-7 MESSER-5 MESSER-2,ja,-,,,
152de077,pass,identisch,GABEL-1,reject,reject,GABEL-1,GABEL-1,ja,ja,12.8221,12.8221,0.0,4.4936,4.4936,0.0,solidity,4.4936,solidity,4.4936,GABEL-1 GABEL-2 MESSER-7,ja,-,,,
1a48641b,pass,identisch,MESSER-5,ambiguous,ambiguous,MESSER-5,MESSER-5,ja,ja,0.0562,0.0562,0.0,1.4107,1.4107,0.0,hist_center,1.4107,hist_center,1.4107,MESSER-5 MESSER-7 MESSER-2,ja,-,,,
1ea08720,pass,score,LOEFFEL-8,accept,accept,LOEFFEL-8,LOEFFEL-8,ja,ja,,,,2.3701,2.1861,-0.184,hu_log,2.3701,hu_log,2.1861,LOEFFEL-8,ja,akzeptiert,c,2026-07-22-floors.json,19dca37c
2316b3e0,pass,score,LOEFFEL-7,accept,accept,LOEFFEL-7,LOEFFEL-7,ja,ja,,,,1.5182,1.3633,-0.1549,delta_e_center,1.5182,delta_e_center,1.3633,LOEFFEL-7,ja,akzeptiert,c,2026-07-22-floors.json,19dca37c
262f2338,pass,identisch,GABEL-4,ambiguous,ambiguous,GABEL-4,GABEL-4,ja,ja,0.1315,0.1315,0.0,1.1591,1.1591,0.0,diameter_mm,1.1591,diameter_mm,1.1591,GABEL-4 GABEL-7,ja,-,,,
2c88e15a,pass,kandidatenset,LOEFFEL-4,accept,accept,LOEFFEL-4,LOEFFEL-4,ja,ja,5.8807,3.4599,-2.4208,0.8855,0.8997,0.0142,hist_center,0.8855,hist_center,0.8997,LOEFFEL-4 LOEFFEL-5 LOEFFEL-2,ja,akzeptiert,c,2026-07-22-floors.json,19dca37c
2e6faa90,pass,identisch,MESSER-6,ambiguous,ambiguous,MESSER-6,MESSER-6,ja,ja,1.1124,1.1124,0.0,1.7597,1.7597,0.0,hist_center,1.7597,hist_center,1.7597,MESSER-6 MESSER-7 MESSER-5,ja,-,,,
33b888ab,pass,score,LOEFFEL-8,accept,accept,LOEFFEL-8,LOEFFEL-8,ja,ja,,,,1.7683,1.6954,-0.0729,diameter_mm,1.7683,diameter_mm,1.6954,LOEFFEL-8,ja,akzeptiert,c,2026-07-22-floors.json,19dca37c
340fea39,pass,kandidatenset,LOEFFEL-12,accept,accept,LOEFFEL-12,LOEFFEL-12,ja,ja,2.5519,14.8415,12.2896,1.9616,1.7495,-0.2121,delta_e_rim,1.9616,delta_e_rim,1.7495,LOEFFEL-12 LOEFFEL-3 LOEFFEL-1,ja,akzeptiert,c,2026-07-22-floors.json,19dca37c
3869c80d,pass,kandidatenset,LOEFFEL-11,ambiguous,ambiguous,LOEFFEL-11,LOEFFEL-11,ja,ja,0.087,1.2749,1.1879,1.1367,1.1541,0.0174,hist_rim,1.1367,hist_rim,1.1541,LOEFFEL-11 LOEFFEL-13 LOEFFEL-14,ja,akzeptiert,c,2026-07-22-floors.json,19dca37c
39cb6e0c,pass,kandidatenset,LOEFFEL-13,ambiguous,ambiguous,LOEFFEL-13,LOEFFEL-13,ja,ja,0.2146,1.3712,1.1566,2.1252,2.0481,-0.0771,hu_log,2.1252,hu_log,2.0481,LOEFFEL-13 LOEFFEL-11 LOEFFEL-14,ja,akzeptiert,c,2026-07-22-floors.json,19dca37c
3aae112e,pass,kandidatenset,LOEFFEL-15,accept,accept,LOEFFEL-15,LOEFFEL-15,ja,ja,4.3497,5.4739,1.1242,1.1141,1.1287,0.0146,hist_center,1.1141,hist_center,1.1287,LOEFFEL-15 LOEFFEL-13,ja,akzeptiert,c,2026-07-22-floors.json,19dca37c
41a471ce,pass,kandidatenset,LOEFFEL-12,accept,accept,LOEFFEL-12,LOEFFEL-12,ja,ja,2.3587,14.4102,12.0515,1.39,1.3429,-0.0471,diameter_mm,1.39,diameter_mm,1.3429,LOEFFEL-12 LOEFFEL-3 LOEFFEL-1,ja,akzeptiert,c,2026-07-22-floors.json,19dca37c
4276dbde,pass,kandidatenset,LOEFFEL-4,accept,accept,LOEFFEL-4,LOEFFEL-4,ja,ja,,4.8953,,1.4359,1.3649,-0.071,diameter_mm,1.4359,diameter_mm,1.3649,LOEFFEL-4 LOEFFEL-5,ja,akzeptiert,c,2026-07-22-floors.json,19dca37c
4587d1a8,pass,kandidatenset,LOEFFEL-3,ambiguous,ambiguous,LOEFFEL-4,LOEFFEL-4,nein,nein,0.4378,1.8366,1.3988,1.4821,1.5059,0.0238,hist_center,1.4821,hist_center,1.5059,LOEFFEL-4 LOEFFEL-3 LOEFFEL-1,ja,akzeptiert,c,2026-07-22-floors.json,19dca37c
46f9b1b3,pass,top1,LOEFFEL-14,ambiguous,ambiguous,LOEFFEL-11,LOEFFEL-14,nein,ja,0.4097,0.062,-0.3477,1.7081,3.1014,1.3933,hist_center,1.7081,hu_log,3.1014,LOEFFEL-14 LOEFFEL-11 LOEFFEL-13,ja,akzeptiert,b,2026-07-22-floors.json,19dca37c
49ba9d3f,pass,score,LOEFFEL-9,accept,accept,LOEFFEL-9,LOEFFEL-9,ja,ja,,,,0.5967,0.7032,0.1065,delta_e_center,0.5967,solidity,0.7032,LOEFFEL-9,ja,akzeptiert,c,2026-07-22-floors.json,19dca37c
4dd0d195,pass,identisch,MESSER-1,accept,accept,MESSER-1,MESSER-1,ja,ja,14.5955,14.5955,0.0,0.6626,0.6626,0.0,circularity,0.6626,circularity,0.6626,MESSER-1 MESSER-10 GABEL-1,ja,-,,,
4ee58415,pass,kandidatenset,LOEFFEL-2,ambiguous,ambiguous,LOEFFEL-2,LOEFFEL-2,ja,ja,0.1993,0.9304,0.7311,1.1392,1.0708,-0.0684,delta_e_rim,1.1392,hist_center,1.0708,LOEFFEL-2 LOEFFEL-5 LOEFFEL-6,ja,akzeptiert,c,2026-07-22-floors.json,19dca37c
4f08405b,pass,top1,LOEFFEL-1,ambiguous,ambiguous,LOEFFEL-5,LOEFFEL-1,nein,ja,0.659,0.9338,0.2748,3.0603,1.5677,-1.4926,delta_e_center,3.0603,diameter_mm,1.5677,LOEFFEL-1 LOEFFEL-5 LOEFFEL-6,ja,akzeptiert,b,2026-07-22-floors.json,19dca37c
5118f824,pass,score,LOEFFEL-10,accept,accept,LOEFFEL-10,LOEFFEL-10,ja,ja,,,,0.6055,0.6152,0.0097,hist_rim,0.6055,hist_rim,0.6152,LOEFFEL-10,ja,akzeptiert,c,2026-07-22-floors.json,19dca37c
51695897,pass,identisch,LOEFFEL-4,ambiguous,ambiguous,LOEFFEL-1,LOEFFEL-1,nein,nein,1.0475,1.0475,0.0,2.8687,2.8687,0.0,solidity,2.8687,solidity,2.8687,LOEFFEL-1 LOEFFEL-3 LOEFFEL-5,nein,-,,,
53a17205,pass,top1,LOEFFEL-11,ambiguous,ambiguous,LOEFFEL-13,LOEFFEL-11,nein,ja,0.0509,0.5885,0.5376,1.1658,0.8141,-0.3517,solidity,1.1658,solidity,0.8141,LOEFFEL-11 LOEFFEL-13 LOEFFEL-14,ja,akzeptiert,b,2026-07-22-floors.json,19dca37c
5747d120,pass,identisch,MESSER-7,ambiguous,ambiguous,MESSER-7,MESSER-7,ja,ja,0.572,0.572,0.0,1.8552,1.8552,0.0,hist_center,1.8552,hist_center,1.8552,MESSER-7 MESSER-5 MESSER-2,ja,-,,,
57e075d6,pass,kandidatenset,LOEFFEL-13,ambiguous,ambiguous,LOEFFEL-13,LOEFFEL-13,ja,ja,0.1908,1.5734,1.3826,1.0553,0.975,-0.0803,delta_e_center,1.0553,delta_e_center,0.975,LOEFFEL-13 LOEFFEL-11 LOEFFEL-14,ja,akzeptiert,c,2026-07-22-floors.json,19dca37c
57ea3daa,pass,score,LOEFFEL-9,accept,accept,LOEFFEL-9,LOEFFEL-9,ja,ja,,,,0.9769,0.997,0.0201,hist_rim,0.9769,hist_rim,0.997,LOEFFEL-9,ja,akzeptiert,c,2026-07-22-floors.json,19dca37c
5b64e610,pass,identisch,GABEL-3,ambiguous,ambiguous,GABEL-3,GABEL-3,ja,ja,0.8354,0.8354,0.0,1.1549,1.1549,0.0,hist_center,1.1549,hist_center,1.1549,GABEL-3 GABEL-4 GABEL-7,ja,-,,,
5ba3f2dd,pass,identisch,LOEFFEL-4,accept,accept,LOEFFEL-4,LOEFFEL-4,ja,ja,4.6422,4.6422,0.0,1.5313,1.5313,0.0,delta_e_center,1.5313,delta_e_center,1.5313,LOEFFEL-4 LOEFFEL-5 LOEFFEL-2,ja,-,,,
5bf6b431,pass,identisch,GABEL-1,reject,reject,GABEL-1,GABEL-1,ja,ja,95.0315,95.0315,0.0,4.2543,4.2543,0.0,delta_e_center,4.2543,delta_e_center,4.2543,GABEL-1 MESSER-7 MESSER-6,ja,-,,,
5db55def,pass,kandidatenset,LOEFFEL-5,ambiguous,ambiguous,LOEFFEL-5,LOEFFEL-5,ja,ja,1.2276,1.2053,-0.0223,0.7552,0.7702,0.015,hist_center,0.7552,hist_center,0.7702,LOEFFEL-5 LOEFFEL-2 LOEFFEL-1,ja,akzeptiert,c,2026-07-22-floors.json,19dca37c
5e952338,pass,kandidatenset,LOEFFEL-1,ambiguous,ambiguous,LOEFFEL-1,LOEFFEL-1,ja,ja,0.2955,0.8601,0.5646,1.039,1.0048,-0.0342,diameter_mm,1.039,diameter_mm,1.0048,LOEFFEL-1 LOEFFEL-5 LOEFFEL-6,ja,akzeptiert,c,2026-07-22-floors.json,19dca37c
6039e5d8,pass,identisch,LOEFFEL-2,ambiguous,ambiguous,LOEFFEL-2,LOEFFEL-2,ja,ja,0.5095,0.5095,0.0,1.9131,1.9131,0.0,delta_e_rim,1.9131,delta_e_rim,1.9131,LOEFFEL-2 LOEFFEL-5 LOEFFEL-6,ja,-,,,
645eaac1,pass,identisch,LOEFFEL-14,accept,accept,LOEFFEL-14,LOEFFEL-14,ja,ja,42.745,42.745,0.0,1.2045,1.2045,0.0,delta_e_center,1.2045,delta_e_center,1.2045,LOEFFEL-14 GABEL-11,ja,-,,,
69287856,pass,kandidatenset,LOEFFEL-12,accept,accept,LOEFFEL-12,LOEFFEL-12,ja,ja,2.1038,12.8127,10.7089,1.3481,1.3702,0.0221,hist_center,1.3481,hist_center,1.3702,LOEFFEL-12 LOEFFEL-3 LOEFFEL-1,ja,akzeptiert,c,2026-07-22-floors.json,19dca37c
6aae2d57,pass,identisch,MESSER-6,ambiguous,ambiguous,MESSER-6,MESSER-6,ja,ja,0.6234,0.6234,0.0,1.5973,1.5973,0.0,hist_center,1.5973,hist_center,1.5973,MESSER-6 MESSER-7 MESSER-5,ja,-,,,
6d6781ff,pass,identisch,MESSER-2,ambiguous,ambiguous,MESSER-2,MESSER-2,ja,ja,0.1567,0.1567,0.0,1.2625,1.2625,0.0,hist_center,1.2625,hist_center,1.2625,MESSER-2 MESSER-5 MESSER-7,ja,-,,,
70984ff0,pass,score,LOEFFEL-7,accept,accept,LOEFFEL-7,LOEFFEL-7,ja,ja,,,,2.2417,2.0399,-0.2018,delta_e_rim,2.2417,delta_e_rim,2.0399,LOEFFEL-7,ja,akzeptiert,c,2026-07-22-floors.json,19dca37c
72352211,pass,identisch,MESSER-11,accept,accept,MESSER-11,MESSER-11,ja,ja,12.71,12.71,0.0,1.7568,1.7568,0.0,hist_center,1.7568,hist_center,1.7568,MESSER-11 MESSER-7 MESSER-2,ja,-,,,
73f7ede8,pass,identisch,GABEL-2,accept,accept,GABEL-2,GABEL-2,ja,ja,2.757,2.757,0.0,1.0374,1.0374,0.0,diameter_mm,1.0374,diameter_mm,1.0374,GABEL-2 GABEL-1 LOEFFEL-8,ja,-,,,
74cc2751,pass,identisch,GABEL-2,accept,accept,GABEL-2,GABEL-2,ja,ja,3.3498,3.3498,0.0,1.1075,1.1075,0.0,diameter_mm,1.1075,diameter_mm,1.1075,GABEL-2 GABEL-1 MESSER-10,ja,-,,,
7d253afe,pass,kandidatenset,LOEFFEL-1,ambiguous,ambiguous,LOEFFEL-1,LOEFFEL-1,ja,ja,0.5487,1.1935,0.6448,0.8834,0.8888,0.0054,hu_log,0.8834,hist_rim,0.8888,LOEFFEL-1 LOEFFEL-6 LOEFFEL-5,ja,akzeptiert,c,2026-07-22-floors.json,19dca37c
7ffd971a,pass,kandidatenset,LOEFFEL-2,ambiguous,ambiguous,LOEFFEL-2,LOEFFEL-2,ja,ja,0.3279,0.9979,0.67,1.1064,1.0852,-0.0212,hu_log,1.1064,hu_log,1.0852,LOEFFEL-2 LOEFFEL-5 LOEFFEL-1,ja,akzeptiert,c,2026-07-22-floors.json,19dca37c
82cf53e1,pass,identisch,LOEFFEL-14,ambiguous,ambiguous,LOEFFEL-11,LOEFFEL-11,nein,nein,0.1425,0.1425,0.0,1.9512,1.9512,0.0,solidity,1.9512,solidity,1.9512,LOEFFEL-11 LOEFFEL-14 LOEFFEL-13,ja,-,,,
8398cfec,pass,identisch,GABEL-2,accept,accept,GABEL-2,GABEL-2,ja,ja,4.4056,4.4056,0.0,0.9229,0.9229,0.0,hu_log,0.9229,hu_log,0.9229,GABEL-2 GABEL-1 MESSER-7,ja,-,,,
8ba4eb43,pass,identisch,GABEL-4,ambiguous,ambiguous,GABEL-4,GABEL-4,ja,ja,0.3532,0.3532,0.0,0.6851,0.6851,0.0,delta_e_center,0.6851,delta_e_center,0.6851,GABEL-4 GABEL-3 GABEL-7,ja,-,,,
8bf4b322,pass,kandidatenset,LOEFFEL-11,ambiguous,ambiguous,LOEFFEL-11,LOEFFEL-11,ja,ja,0.0061,1.0478,1.0417,2.3037,2.3318,0.0281,hist_center,2.3037,hist_center,2.3318,LOEFFEL-11 LOEFFEL-13 LOEFFEL-14,ja,akzeptiert,c,2026-07-22-floors.json,19dca37c
8dc74a45,pass,score,LOEFFEL-7,accept,accept,LOEFFEL-7,LOEFFEL-7,ja,ja,,,,2.4986,2.4303,-0.0683,diameter_mm,2.4986,diameter_mm,2.4303,LOEFFEL-7,ja,akzeptiert,c,2026-07-22-floors.json,19dca37c
937b7df1,pass,kandidatenset,LOEFFEL-15,accept,accept,LOEFFEL-15,LOEFFEL-15,ja,ja,,3.2261,,1.1757,1.1911,0.0154,hist_center,1.1757,hist_center,1.1911,LOEFFEL-15 LOEFFEL-11 LOEFFEL-13,ja,akzeptiert,c,2026-07-22-floors.json,19dca37c
9482d13a,pass,score,LOEFFEL-8,accept,accept,LOEFFEL-8,LOEFFEL-8,ja,ja,,,,2.2597,2.0843,-0.1754,hu_log,2.2597,hu_log,2.0843,LOEFFEL-8,ja,akzeptiert,c,2026-07-22-floors.json,19dca37c
957a3f77,pass,entscheidung,LOEFFEL-12,ambiguous,accept,LOEFFEL-12,LOEFFEL-12,ja,ja,0.5547,14.1076,13.5529,2.4374,2.3548,-0.0826,diameter_mm,2.4374,diameter_mm,2.3548,LOEFFEL-12 LOEFFEL-3 LOEFFEL-4,ja,akzeptiert,a,2026-07-22-floors.json,19dca37c
99284545,pass,identisch,GABEL-1,accept,accept,GABEL-1,GABEL-1,ja,ja,5.7395,5.7395,0.0,1.2673,1.2673,0.0,hist_center,1.2673,hist_center,1.2673,GABEL-1 GABEL-2 LOEFFEL-8,ja,-,,,
99718c24,pass,kandidatenset,LOEFFEL-6,ambiguous,ambiguous,LOEFFEL-6,LOEFFEL-6,ja,ja,0.0323,0.1985,0.1662,1.2258,1.2524,0.0266,hist_rim,1.2258,hist_rim,1.2524,LOEFFEL-6 LOEFFEL-1 LOEFFEL-2,ja,akzeptiert,c,2026-07-22-floors.json,19dca37c
99dfc89c,pass,kandidatenset,LOEFFEL-3,ambiguous,ambiguous,LOEFFEL-3,LOEFFEL-3,ja,ja,0.2709,0.7438,0.4729,0.8943,1.5381,0.6438,hist_center,0.8943,circularity,1.5381,LOEFFEL-3 LOEFFEL-1 LOEFFEL-6,ja,akzeptiert,c,2026-07-22-floors.json,19dca37c
9b1d4eb7,pass,kandidatenset,LOEFFEL-13,ambiguous,ambiguous,LOEFFEL-13,LOEFFEL-13,ja,ja,0.1158,0.8514,0.7356,1.9059,1.8368,-0.0691,hu_log,1.9059,hu_log,1.8368,LOEFFEL-13 LOEFFEL-11 LOEFFEL-15,ja,akzeptiert,c,2026-07-22-floors.json,19dca37c
9dd95998,pass,identisch,MESSER-2,ambiguous,ambiguous,MESSER-2,MESSER-2,ja,ja,0.1633,0.1633,0.0,1.1731,1.1731,0.0,hist_center,1.1731,hist_center,1.1731,MESSER-2 MESSER-7 MESSER-5,ja,-,,,
a2883cb7,pass,top1,LOEFFEL-1,ambiguous,ambiguous,LOEFFEL-5,LOEFFEL-1,nein,ja,0.4626,0.4904,0.0278,2.1783,1.1884,-0.9899,delta_e_center,2.1783,diameter_mm,1.1884,LOEFFEL-1 LOEFFEL-5 LOEFFEL-2,ja,akzeptiert,b,2026-07-22-floors.json,19dca37c
a28e83c2,pass,identisch,MESSER-2,ambiguous,ambiguous,MESSER-2,MESSER-2,ja,ja,0.1006,0.1006,0.0,1.1524,1.1524,0.0,hist_center,1.1524,hist_center,1.1524,MESSER-2 MESSER-5 MESSER-7,ja,-,,,
a8cf4d7a,pass,entscheidung,LOEFFEL-5,ambiguous,accept,LOEFFEL-4,LOEFFEL-5,nein,ja,0.0411,2.1414,2.1003,2.2739,1.5158,-0.7581,hu_log,2.2739,diameter_mm,1.5158,LOEFFEL-5 LOEFFEL-4 LOEFFEL-2,ja,akzeptiert,a,2026-07-22-floors.json,19dca37c
a8d29a32,pass,score,LOEFFEL-10,accept,accept,LOEFFEL-10,LOEFFEL-10,ja,ja,,,,3.0827,3.0336,-0.0491,hu_log,3.0827,solidity,3.0336,LOEFFEL-10,ja,akzeptiert,c,2026-07-22-floors.json,19dca37c
a8d8c8d7,pass,top1,LOEFFEL-3,ambiguous,ambiguous,LOEFFEL-1,LOEFFEL-3,nein,ja,0.0794,0.7997,0.7203,1.6571,3.4494,1.7923,solidity,1.6571,hu_log,3.4494,LOEFFEL-3 LOEFFEL-1 LOEFFEL-6,ja,akzeptiert,b,2026-07-22-floors.json,19dca37c
abad1b06,pass,identisch,MESSER-7,ambiguous,ambiguous,MESSER-7,MESSER-7,ja,ja,0.4862,0.4862,0.0,1.7388,1.7388,0.0,hist_center,1.7388,hist_center,1.7388,MESSER-7 MESSER-5 MESSER-2,ja,-,,,
b03debe5,pass,identisch,GABEL-1,accept,accept,GABEL-1,GABEL-1,ja,ja,5.7194,5.7194,0.0,1.7882,1.7882,0.0,hist_center,1.7882,hist_center,1.7882,GABEL-1 GABEL-2 LOEFFEL-8,ja,-,,,
b22df805,pass,top1,LOEFFEL-5,ambiguous,ambiguous,LOEFFEL-4,LOEFFEL-5,nein,ja,0.3221,1.0394,0.7173,1.9238,1.5208,-0.403,hu_log,1.9238,solidity,1.5208,LOEFFEL-5 LOEFFEL-4 LOEFFEL-2,ja,akzeptiert,b,2026-07-22-floors.json,19dca37c
b26a6160,pass,kandidatenset,LOEFFEL-2,ambiguous,ambiguous,LOEFFEL-5,LOEFFEL-5,nein,nein,0.0831,1.2827,1.1996,1.4822,1.4997,0.0175,delta_e_rim,1.4822,hist_center,1.4997,LOEFFEL-5 LOEFFEL-2 LOEFFEL-1,ja,akzeptiert,c,2026-07-22-floors.json,19dca37c
b6376f78,pass,kandidatenset,LOEFFEL-2,ambiguous,ambiguous,LOEFFEL-2,LOEFFEL-2,ja,ja,0.3628,0.4577,0.0949,0.6796,0.6243,-0.0553,delta_e_rim,0.6796,delta_e_rim,0.6243,LOEFFEL-2 LOEFFEL-5 LOEFFEL-1,ja,akzeptiert,c,2026-07-22-floors.json,19dca37c
ba700e35,pass,score,LOEFFEL-8,accept,accept,LOEFFEL-8,LOEFFEL-8,ja,ja,,,,0.7146,0.6557,-0.0589,delta_e_rim,0.7146,delta_e_rim,0.6557,LOEFFEL-8,ja,akzeptiert,c,2026-07-22-floors.json,19dca37c
bc90268b,pass,identisch,MESSER-11,accept,accept,MESSER-11,MESSER-11,ja,ja,12.0912,12.0912,0.0,1.5767,1.5767,0.0,hist_center,1.5767,hist_center,1.5767,MESSER-11 MESSER-7 MESSER-2,ja,-,,,
bce8de80,pass,identisch,MESSER-11,accept,accept,MESSER-11,MESSER-11,ja,ja,12.5046,12.5046,0.0,1.3226,1.3226,0.0,hist_center,1.3226,hist_center,1.3226,MESSER-11 MESSER-7 MESSER-2,ja,-,,,
bd5ab3ac,pass,score,LOEFFEL-10,accept,accept,LOEFFEL-10,LOEFFEL-10,ja,ja,,,,1.7605,1.7833,0.0228,hist_center,1.7605,hist_center,1.7833,LOEFFEL-10,ja,akzeptiert,c,2026-07-22-floors.json,19dca37c
bef4cba8,pass,score,LOEFFEL-7,accept,accept,LOEFFEL-7,LOEFFEL-7,ja,ja,,,,3.2121,2.9619,-0.2502,hu_log,3.2121,hu_log,2.9619,LOEFFEL-7,ja,akzeptiert,c,2026-07-22-floors.json,19dca37c
c01479ac,pass,identisch,GABEL-3,ambiguous,ambiguous,GABEL-3,GABEL-3,ja,ja,0.9046,0.9046,0.0,1.2952,1.2952,0.0,hist_center,1.2952,hist_center,1.2952,GABEL-3 GABEL-4 GABEL-7,ja,-,,,
c0de9588,pass,identisch,GABEL-3,ambiguous,ambiguous,GABEL-3,GABEL-3,ja,ja,0.886,0.886,0.0,1.0602,1.0602,0.0,hist_center,1.0602,hist_center,1.0602,GABEL-3 GABEL-4 GABEL-7,ja,-,,,
c8448523,pass,identisch,GABEL-4,ambiguous,ambiguous,GABEL-4,GABEL-4,ja,ja,0.2274,0.2274,0.0,0.6938,0.6938,0.0,hist_center,0.6938,hist_center,0.6938,GABEL-4 GABEL-7 GABEL-3,ja,-,,,
c915e56c,pass,identisch,LOEFFEL-2,ambiguous,ambiguous,LOEFFEL-6,LOEFFEL-6,nein,nein,0.0155,0.0155,0.0,2.3299,2.3299,0.0,solidity,2.3299,solidity,2.3299,LOEFFEL-6 LOEFFEL-2 LOEFFEL-1,ja,-,,,
cc1f627e,pass,kandidatenset,LOEFFEL-6,ambiguous,ambiguous,LOEFFEL-5,LOEFFEL-5,nein,nein,0.7423,0.2474,-0.4949,2.2236,2.5027,0.2791,delta_e_center,2.2236,solidity,2.5027,LOEFFEL-5 LOEFFEL-1 LOEFFEL-2,nein,akzeptiert,c,2026-07-22-floors.json,19dca37c
cd512c6a,pass,identisch,MESSER-5,ambiguous,ambiguous,MESSER-7,MESSER-7,nein,nein,0.0329,0.0329,0.0,1.6566,1.6566,0.0,hist_center,1.6566,hist_center,1.6566,MESSER-7 MESSER-5 MESSER-2,ja,-,,,
cfe5c4a1,pass,identisch,MESSER-1,accept,accept,MESSER-1,MESSER-1,ja,ja,13.6008,13.6008,0.0,0.6522,0.6522,0.0,circularity,0.6522,circularity,0.6522,MESSER-1 MESSER-10 GABEL-1,ja,-,,,
d4add3c8,pass,score,LOEFFEL-10,accept,accept,LOEFFEL-10,LOEFFEL-10,ja,ja,,,,0.9386,0.9508,0.0122,hist_center,0.9386,hist_center,0.9508,LOEFFEL-10,ja,akzeptiert,c,2026-07-22-floors.json,19dca37c
d78cbe71,pass,score,LOEFFEL-4,accept,accept,LOEFFEL-4,LOEFFEL-4,ja,ja,,,,2.7164,2.5821,-0.1343,diameter_mm,2.7164,diameter_mm,2.5821,LOEFFEL-4,ja,akzeptiert,c,2026-07-22-floors.json,19dca37c
d7fe79aa,pass,kandidatenset,LOEFFEL-5,ambiguous,ambiguous,LOEFFEL-5,LOEFFEL-5,ja,ja,0.7237,0.6393,-0.0844,0.9303,0.9488,0.0185,hist_center,0.9303,hist_center,0.9488,LOEFFEL-5 LOEFFEL-2 LOEFFEL-1,ja,akzeptiert,c,2026-07-22-floors.json,19dca37c
d9dba8dc,pass,score,LOEFFEL-9,accept,accept,LOEFFEL-9,LOEFFEL-9,ja,ja,,,,1.1937,1.2178,0.0241,hist_center,1.1937,hist_center,1.2178,LOEFFEL-9,ja,akzeptiert,c,2026-07-22-floors.json,19dca37c
daeefc7e,pass,score,LOEFFEL-15,ambiguous,ambiguous,LOEFFEL-15,LOEFFEL-15,ja,ja,1.782,1.5542,-0.2278,3.1111,2.9209,-0.1902,hu_log,3.1111,hist_center,2.9209,LOEFFEL-15 LOEFFEL-9,ja,akzeptiert,c,2026-07-22-floors.json,19dca37c
dbb5f4ea,pass,score,LOEFFEL-9,reject,reject,LOEFFEL-9,LOEFFEL-9,ja,ja,,,,3.735,3.812,0.077,hist_rim,3.735,hist_rim,3.812,LOEFFEL-9,ja,akzeptiert,c,2026-07-22-floors.json,19dca37c
de4d09c3,pass,identisch,LOEFFEL-14,ambiguous,ambiguous,LOEFFEL-11,LOEFFEL-11,nein,nein,0.002,0.002,0.0,2.4267,2.4267,0.0,solidity,2.4267,solidity,2.4267,LOEFFEL-11 LOEFFEL-14 LOEFFEL-13,ja,-,,,
dfc036e5,pass,identisch,LOEFFEL-4,accept,accept,LOEFFEL-4,LOEFFEL-4,ja,ja,2.1711,2.1711,0.0,1.737,1.737,0.0,delta_e_rim,1.737,delta_e_rim,1.737,LOEFFEL-4 LOEFFEL-1 LOEFFEL-3,ja,-,,,
e24cb7e5,pass,top1,LOEFFEL-6,ambiguous,ambiguous,LOEFFEL-1,LOEFFEL-6,nein,ja,0.1734,0.0067,-0.1667,1.111,1.2042,0.0932,hist_center,1.111,hist_rim,1.2042,LOEFFEL-6 LOEFFEL-1 LOEFFEL-2,ja,akzeptiert,b,2026-07-22-floors.json,19dca37c
e51bafab,pass,kandidatenset,LOEFFEL-13,ambiguous,ambiguous,LOEFFEL-13,LOEFFEL-13,ja,ja,0.156,0.5344,0.3784,1.9627,1.9893,0.0266,hist_center,1.9627,hist_center,1.9893,LOEFFEL-13 LOEFFEL-11 LOEFFEL-14,ja,akzeptiert,c,2026-07-22-floors.json,19dca37c
e9d3cddb,pass,identisch,GABEL-1,accept,accept,GABEL-1,GABEL-1,ja,ja,8.3521,8.3521,0.0,1.8349,1.8349,0.0,hist_center,1.8349,hist_center,1.8349,GABEL-1 GABEL-2 LOEFFEL-8,ja,-,,,
eca29dd8,pass,identisch,GABEL-2,accept,accept,GABEL-2,GABEL-2,ja,ja,2.1155,2.1155,0.0,2.8514,2.8514,0.0,solidity,2.8514,solidity,2.8514,GABEL-2 GABEL-1 MESSER-7,ja,-,,,
f10f4a2b,pass,identisch,MESSER-6,ambiguous,ambiguous,MESSER-6,MESSER-6,ja,ja,1.2635,1.2635,0.0,1.6648,1.6648,0.0,hist_center,1.6648,hist_center,1.6648,MESSER-6 MESSER-7 MESSER-5,ja,-,,,
f6135d13,pass,identisch,MESSER-1,accept,accept,MESSER-1,MESSER-1,ja,ja,13.2155,13.2155,0.0,1.7204,1.7204,0.0,delta_e_center,1.7204,delta_e_center,1.7204,MESSER-1 MESSER-10 GABEL-1,ja,-,,,
f649d598,pass,top1,LOEFFEL-14,ambiguous,ambiguous,LOEFFEL-11,LOEFFEL-14,nein,ja,0.3849,0.249,-0.1359,1.697,3.1101,1.4131,delta_e_center,1.697,hu_log,3.1101,LOEFFEL-14 LOEFFEL-11 LOEFFEL-13,ja,akzeptiert,b,2026-07-22-floors.json,19dca37c
f7d75278,pass,identisch,MESSER-1,accept,accept,MESSER-1,MESSER-1,ja,ja,11.8849,11.8849,0.0,1.264,1.264,0.0,solidity,1.264,solidity,1.264,MESSER-1 MESSER-10 GABEL-1,ja,-,,,
f8abf277,pass,kandidatenset,LOEFFEL-6,ambiguous,ambiguous,LOEFFEL-6,LOEFFEL-6,ja,ja,0.0907,0.098,0.0073,1.0633,1.0566,-0.0067,hu_log,1.0633,solidity,1.0566,LOEFFEL-6 LOEFFEL-1 LOEFFEL-2,ja,akzeptiert,c,2026-07-22-floors.json,19dca37c
fd6e8e2b,pass,score,LOEFFEL-14,ambiguous,ambiguous,LOEFFEL-14,LOEFFEL-14,ja,ja,0.2689,1.3097,1.0408,2.5317,2.5779,0.0462,hist_rim,2.5317,hist_rim,2.5779,LOEFFEL-14 LOEFFEL-11 LOEFFEL-13,ja,akzeptiert,c,2026-07-22-floors.json,19dca37c
fe838ddb,pass,score,LOEFFEL-11,ambiguous,ambiguous,LOEFFEL-11,LOEFFEL-11,ja,ja,0.155,1.2754,1.1204,1.0724,1.0855,0.0131,hist_center,1.0724,hist_center,1.0855,LOEFFEL-11 LOEFFEL-13 LOEFFEL-14,ja,akzeptiert,c,2026-07-22-floors.json,19dca37c
ff1f8fde,pass,identisch,MESSER-5,ambiguous,ambiguous,MESSER-5,MESSER-5,ja,ja,0.1548,0.1548,0.0,1.2165,1.2165,0.0,hist_center,1.2165,hist_center,1.2165,MESSER-5 MESSER-7 MESSER-2,ja,-,,,
